"Source:","D:\Documenti\KiCad Proj\benchpsu_barreljack_adapter\benchpsu_barreljack_adapter_no_connectors\benchpsu_barreljack_adapter.kicad_sch"
"Date:","27/05/2023 16:42:54"
"Tool:","Eeschema 7.0.2"
"Generator:","F:\Program Files\KiCad\7.0\bin\scripting\plugins/bom_csv_grouped_by_value.py"
"Component Count:","18"

"Collated Components:"

"Item","Qty","Reference(s)","Value","LibPart","Footprint","Datasheet","DNP","Package","Part Number"
"1","4","C1, C2, C3, C4","10uF","Device:C_Polarized_Small","Capacitor_THT:CP_Radial_D4.0mm_P1.50mm","~","","D4.0mm P1.50mm","SM1061EMB072RB"
"2","4","D1, D2, D3, D4","LED","Device:LED","LED_SMD:LED_1210_3225Metric_Pad1.42x2.65mm_HandSolder","~","","1206","XL-3216SURC"
"3","1","J1","+","Connector:Screw_Terminal_01x01","benchpsu_barreljack_adapter:8x10pad_stitched","~","","","24.302.1"
"4","1","J2","-","Connector:Screw_Terminal_01x01","benchpsu_barreljack_adapter:8x10pad_stitched","~","","","24.302.2"
"5","1","J3"," DC-044K-D020","benchpsu_barreljack_adapter:BarrelJack234_MP","benchpsu_barreljack_adapter:DC-044K-D020","~","","1206","DC-044K-D020"
"6","4","R1, R2, R3, R4","75","Device:R_Small","Resistor_SMD:R_1206_3216Metric_Pad1.30x1.75mm_HandSolder","~","","1206","FRC1206F75R0TS"
"7","1","SW1","SK22D15L5","benchpsu_barreljack_adapter:SW_Push_DPDT_MP","benchpsu_barreljack_adapter:SK22D15L5","~","","","SK22D15L5"
"8","1","U1"," HT7525-1","Regulator_Linear:HT75xx-1-SOT89","Package_TO_SOT_THT:TO-92_Inline","https://www.holtek.com/documents/10179/116711/HT75xx-1v250.pdf","","TO-92","HT7525-1"
"9","1","U2"," HT7525-1 (SOT89)","Regulator_Linear:HT75xx-1-SOT89","Package_TO_SOT_THT:TO-92_Inline","https://www.holtek.com/documents/10179/116711/HT75xx-1v250.pdf","","TO-92","HT7525-1"
